,batch_size,conv,dense,drop,epochs,learning_rate,run_id,runtime_hours,training_loss,validation_loss
0,16,"[50, 50, 50, 50, 50, 1]","[500, 100, 50]",0.0,4,0.005,4000,0.0255447994444,0.688094406469,0.686857339314
1,16,"[25, 25, 25, 25, 25, 1]","[500, 100, 50]",0.0,4,0.005,4001,0.0151116236111,0.69145222136,0.691530299187
2,16,"[64, 32, 16, 32, 64, 1]","[500, 100, 50]",0.0,4,0.005,4002,0.0805125719444,0.689716695888,0.690260052681
3,16,"[100, 100, 100, 100, 100, 1]","[500, 100, 50]",0.0,4,0.005,4003,2.23687784083,0.685400427239,0.684271008628
4,16,"[32, 20, 16, 32, 10, 1]","[500, 100, 50]",0.0,4,0.005,4004,0.0152279744444,0.692036170619,0.69175726005
5,16,"[50, 50, 50, 50, 50, 1]","[500, 100, 50]",0.0,4,0.01,4005,0.0239413222222,0.689942582164,0.689392617771
6,16,"[25, 25, 25, 25, 25, 1]","[500, 100, 50]",0.0,4,0.01,4006,0.0144523502778,0.683806529215,0.682563824313
7,16,"[64, 32, 16, 32, 64, 1]","[500, 100, 50]",0.0,4,0.01,4007,0.758576318611,0.683459505865,0.681943505151
8,16,"[100, 100, 100, 100, 100, 1]","[500, 100, 50]",0.0,4,0.01,4008,0.183989738333,0.667943021229,0.661016680513
9,16,"[32, 20, 16, 32, 10, 1]","[500, 100, 50]",0.0,4,0.01,4009,0.0154005255556,0.6892922725,0.688447720664
10,16,"[50, 50, 50, 50, 50, 1]","[500, 100, 50]",0.0,4,0.02,4010,0.0248005927778,0.664203020505,0.654588171414
11,16,"[25, 25, 25, 25, 25, 1]","[500, 100, 50]",0.0,4,0.02,4011,0.0148503025,0.686752964769,0.687158310413
12,16,"[64, 32, 16, 32, 64, 1]","[500, 100, 50]",0.0,4,0.02,4012,0.0789134344444,0.680693170854,0.681317009245
13,16,"[100, 100, 100, 100, 100, 1]","[500, 100, 50]",0.0,4,0.02,4013,0.187990116389,0.667227081742,0.657219398022
14,16,"[32, 20, 16, 32, 10, 1]","[500, 100, 50]",0.0,4,0.02,4014,0.432052374167,0.691450500488,0.692380651406
15,16,"[50, 50, 50, 50, 50, 1]","[500, 100, 50]",0.0,4,0.05,4015,0.0840597183333,0.651686992816,0.614900847844
16,16,"[25, 25, 25, 25, 25, 1]","[500, 100, 50]",0.0,4,0.05,4016,0.0449391213889,0.682604522364,0.690293117932
17,16,"[64, 32, 16, 32, 64, 1]","[500, 100, 50]",0.0,4,0.05,4017,0.811994184444,0.664781263896,0.653187969753
18,16,"[100, 100, 100, 100, 100, 1]","[500, 100, 50]",0.0,4,0.05,4018,0.130395989722,0.547793938858,0.538906105927
19,16,"[32, 20, 16, 32, 10, 1]","[500, 100, 50]",0.0,4,0.05,4019,0.0159670502778,0.688699787855,0.682692064558
20,16,"[50, 50, 50, 50, 50, 1]","[500, 100, 50]",0.1,4,0.005,4020,0.0248731013889,0.691152089834,0.690441063472
21,16,"[25, 25, 25, 25, 25, 1]","[500, 100, 50]",0.1,4,0.005,4021,0.0151769905556,0.690937086514,0.690737680026
22,16,"[64, 32, 16, 32, 64, 1]","[500, 100, 50]",0.1,4,0.005,4022,1.25903058778,0.689411725317,0.68808993612
23,16,"[100, 100, 100, 100, 100, 1]","[500, 100, 50]",0.1,4,0.005,4023,0.215716981944,0.68442272033,0.681849540983
24,16,"[32, 20, 16, 32, 10, 1]","[500, 100, 50]",0.1,4,0.005,4024,0.0414472141667,0.691915413312,0.691984789712
25,16,"[50, 50, 50, 50, 50, 1]","[500, 100, 50]",0.1,4,0.01,4025,0.52626619,0.68827506985,0.687166438784
26,16,"[25, 25, 25, 25, 25, 1]","[500, 100, 50]",0.1,4,0.01,4026,0.0449342461111,0.688542521,0.687577366829
27,16,"[64, 32, 16, 32, 64, 1]","[500, 100, 50]",0.1,4,0.01,4027,0.139994316944,0.682127340351,0.679329460008
28,16,"[100, 100, 100, 100, 100, 1]","[500, 100, 50]",0.1,4,0.01,4028,0.0575828455556,0.674365076848,0.669565449442
29,16,"[32, 20, 16, 32, 10, 1]","[500, 100, 50]",0.1,4,0.01,4029,0.0161743280556,0.690930251564,0.692189148494
30,16,"[50, 50, 50, 50, 50, 1]","[500, 100, 50]",0.1,4,0.02,4030,0.580786788056,0.677771913154,0.671625605651
31,16,"[25, 25, 25, 25, 25, 1]","[500, 100, 50]",0.1,4,0.02,4031,0.0440579444444,0.683196793284,0.683260512352
32,16,"[64, 32, 16, 32, 64, 1]","[500, 100, 50]",0.1,4,0.02,4032,0.246430554444,0.669208812714,0.656980041095
33,16,"[100, 100, 100, 100, 100, 1]","[500, 100, 50]",0.1,4,0.02,4033,0.264538941944,0.627332162006,0.597533217498
34,16,"[32, 20, 16, 32, 10, 1]","[500, 100, 50]",0.1,4,0.02,4034,0.0491290141667,0.689754298755,0.687344801426
35,16,"[50, 50, 50, 50, 50, 1]","[500, 100, 50]",0.1,4,0.05,4035,0.0885603102778,0.663546546868,0.634156302043
36,16,"[25, 25, 25, 25, 25, 1]","[500, 100, 50]",0.1,4,0.05,4036,0.0462258188889,0.681529929808,0.671171133859
37,16,"[64, 32, 16, 32, 64, 1]","[500, 100, 50]",0.1,4,0.05,4037,0.529120004722,0.670893324273,0.647070155825
38,16,"[100, 100, 100, 100, 100, 1]","[500, 100, 50]",0.1,4,0.05,4038,1.41956008139,0.665169434888,0.623183223179
39,16,"[32, 20, 16, 32, 10, 1]","[500, 100, 50]",0.1,4,0.05,4039,0.0162544291667,0.692764053174,0.692897108623
40,16,"[50, 50, 50, 50, 50, 1]","[500, 100, 50]",0.2,4,0.005,4040,0.0265366613889,0.691034008775,0.69056201492
41,16,"[25, 25, 25, 25, 25, 1]","[500, 100, 50]",0.2,4,0.005,4041,0.0152810466667,0.690882523571,0.690611185346
42,16,"[64, 32, 16, 32, 64, 1]","[500, 100, 50]",0.2,4,0.005,4042,0.0813985916667,0.68824981451,0.686669012478
43,16,"[100, 100, 100, 100, 100, 1]","[500, 100, 50]",0.2,4,0.005,4043,0.0571934613889,0.688982256821,0.687547137056
44,16,"[32, 20, 16, 32, 10, 1]","[500, 100, 50]",0.2,4,0.005,4044,0.0163334891667,0.691966500453,0.691524325098
45,16,"[50, 50, 50, 50, 50, 1]","[500, 100, 50]",0.2,4,0.01,4045,0.0259796888889,0.69071955766,0.689732245037
46,16,"[25, 25, 25, 25, 25, 1]","[500, 100, 50]",0.2,4,0.01,4046,0.0158532377778,0.689627776827,0.689026328496
47,16,"[64, 32, 16, 32, 64, 1]","[500, 100, 50]",0.2,4,0.01,4047,0.0809626416667,0.689294410603,0.687027261938
48,16,"[100, 100, 100, 100, 100, 1]","[500, 100, 50]",0.2,4,0.01,4048,0.0599955594444,0.681525454351,0.676846357754
49,16,"[32, 20, 16, 32, 10, 1]","[500, 100, 50]",0.2,4,0.01,4049,0.017014065,0.691933306626,0.691636858668
50,16,"[50, 50, 50, 50, 50, 1]","[500, 100, 50]",0.2,4,0.02,4050,0.026433205,0.684467633281,0.680876908984
51,16,"[25, 25, 25, 25, 25, 1]","[500, 100, 50]",0.2,4,0.02,4051,0.0159728313889,0.690901124477,0.689459017345
52,16,"[64, 32, 16, 32, 64, 1]","[500, 100, 50]",0.2,4,0.02,4052,0.0829321408333,0.679361857687,0.676910373143
53,16,"[100, 100, 100, 100, 100, 1]","[500, 100, 50]",0.2,4,0.02,4053,0.0584480275,0.653241616488,0.632695761749
54,16,"[32, 20, 16, 32, 10, 1]","[500, 100, 50]",0.2,4,0.02,4054,0.0167420541667,0.691819449833,0.691169588906
55,16,"[50, 50, 50, 50, 50, 1]","[500, 100, 50]",0.2,4,0.05,4055,0.0253739644444,0.667723711048,0.659511804581
56,16,"[25, 25, 25, 25, 25, 1]","[500, 100, 50]",0.2,4,0.05,4056,0.0152499102778,0.691455624785,0.687680113316
57,16,"[64, 32, 16, 32, 64, 1]","[500, 100, 50]",0.2,4,0.05,4057,0.0826513619444,0.678584725516,0.656701122011
58,16,"[100, 100, 100, 100, 100, 1]","[500, 100, 50]",0.2,4,0.05,4058,0.0581211936111,0.657672539779,0.606467774936
59,16,"[32, 20, 16, 32, 10, 1]","[500, 100, 50]",0.2,4,0.05,4059,0.0165012872222,0.692305891003,0.693937335696
60,16,"[50, 50, 50, 50, 50, 1]","[500, 100, 50]",0.3,4,0.005,4060,0.0263115602778,0.69147638934,0.690877718585
61,16,"[25, 25, 25, 25, 25, 1]","[500, 100, 50]",0.3,4,0.005,4061,0.0161261502778,0.69216756991,0.691340340887
62,16,"[64, 32, 16, 32, 64, 1]","[500, 100, 50]",0.3,4,0.005,4062,0.0849707997222,0.691721475124,0.691812247889
63,16,"[100, 100, 100, 100, 100, 1]","[500, 100, 50]",0.3,4,0.005,4063,0.0576672988889,0.689661210775,0.688831675053
64,16,"[32, 20, 16, 32, 10, 1]","[500, 100, 50]",0.3,4,0.005,4064,0.01686546,0.692450290067,0.69254598277
65,16,"[50, 50, 50, 50, 50, 1]","[500, 100, 50]",0.3,4,0.01,4065,0.0258646,0.69142038737,0.68976180894
66,16,"[25, 25, 25, 25, 25, 1]","[500, 100, 50]",0.3,4,0.01,4066,0.0157274625,0.692188942432,0.689676397187
67,16,"[64, 32, 16, 32, 64, 1]","[500, 100, 50]",0.3,4,0.01,4067,0.0835167680556,0.69192171778,0.692406310354
68,16,"[100, 100, 100, 100, 100, 1]","[500, 100, 50]",0.3,4,0.01,4068,0.0582800594444,0.681482280152,0.677491288526
69,16,"[32, 20, 16, 32, 10, 1]","[500, 100, 50]",0.3,4,0.01,4069,0.0166171005556,0.69220163141,0.691276468549
70,16,"[50, 50, 50, 50, 50, 1]","[500, 100, 50]",0.3,4,0.02,4070,0.025307615,0.690235879592,0.686896603448
71,16,"[25, 25, 25, 25, 25, 1]","[500, 100, 50]",0.3,4,0.02,4071,0.0157032611111,0.69145910825,0.691616078785
72,16,"[64, 32, 16, 32, 64, 1]","[500, 100, 50]",0.3,4,0.02,4072,0.0849622972222,0.690179135118,0.686106870856
73,16,"[100, 100, 100, 100, 100, 1]","[500, 100, 50]",0.3,4,0.02,4073,0.0584594558333,0.672115904093,0.663286774499
74,16,"[32, 20, 16, 32, 10, 1]","[500, 100, 50]",0.3,4,0.02,4074,0.0166957897222,0.692707829816,0.692108574935
75,16,"[50, 50, 50, 50, 50, 1]","[500, 100, 50]",0.3,4,0.05,4075,0.0258891022222,0.690849388497,0.691558977536
76,16,"[25, 25, 25, 25, 25, 1]","[500, 100, 50]",0.3,4,0.05,4076,0.0163784083333,0.693586389508,0.690534550803
77,16,"[64, 32, 16, 32, 64, 1]","[500, 100, 50]",0.3,4,0.05,4077,0.0845117130556,0.692790260485,0.690401329313
78,16,"[100, 100, 100, 100, 100, 1]","[500, 100, 50]",0.3,4,0.05,4078,0.0594808552778,0.684672236443,0.680149384907
79,16,"[32, 20, 16, 32, 10, 1]","[500, 100, 50]",0.3,4,0.05,4079,0.0173674502778,0.694347764765,0.693234910284
80,16,"[50, 50, 50, 50, 50, 1]","[500, 100, 50]",0.4,4,0.005,4080,0.0262680347222,0.692167206321,0.691383024624
81,16,"[25, 25, 25, 25, 25, 1]","[500, 100, 50]",0.4,4,0.005,4081,0.0159425975,0.692157278742,0.691905375889
82,16,"[64, 32, 16, 32, 64, 1]","[500, 100, 50]",0.4,4,0.005,4082,0.0875292052778,0.692670432159,0.692196014949
83,16,"[100, 100, 100, 100, 100, 1]","[500, 100, 50]",0.4,4,0.005,4083,0.0580392197222,0.690910148621,0.68996252673
84,16,"[32, 20, 16, 32, 10, 1]","[500, 100, 50]",0.4,4,0.005,4084,0.01700082,0.692333654846,0.69221769401
85,16,"[50, 50, 50, 50, 50, 1]","[500, 100, 50]",0.4,4,0.01,4085,0.0257896638889,0.692240365062,0.691007304192
86,16,"[25, 25, 25, 25, 25, 1]","[500, 100, 50]",0.4,4,0.01,4086,0.0161266286111,0.693250344481,0.691781534467
87,16,"[64, 32, 16, 32, 64, 1]","[500, 100, 50]",0.4,4,0.01,4087,0.0829367441667,0.689370250702,0.687442696095
88,16,"[100, 100, 100, 100, 100, 1]","[500, 100, 50]",0.4,4,0.01,4088,0.0585610997222,0.688847179924,0.687061430727
89,16,"[32, 20, 16, 32, 10, 1]","[500, 100, 50]",0.4,4,0.01,4089,0.0168598397222,0.692992403678,0.693062176023
90,16,"[50, 50, 50, 50, 50, 1]","[500, 100, 50]",0.4,4,0.02,4090,0.0262335822222,0.69331785781,0.690758320263
91,16,"[25, 25, 25, 25, 25, 1]","[500, 100, 50]",0.4,4,0.02,4091,0.0157796091667,0.691900685855,0.692368716853
92,16,"[64, 32, 16, 32, 64, 1]","[500, 100, 50]",0.4,4,0.02,4092,0.0813099391667,0.693425495284,0.692972627708
93,16,"[100, 100, 100, 100, 100, 1]","[500, 100, 50]",0.4,4,0.02,4093,0.0583648308333,0.689204651969,0.68517737048
94,16,"[32, 20, 16, 32, 10, 1]","[500, 100, 50]",0.4,4,0.02,4094,0.0169870275,0.693162243707,0.691597989627
95,16,"[50, 50, 50, 50, 50, 1]","[500, 100, 50]",0.4,4,0.05,4095,0.0256359311111,0.694359373195,0.69839836359
96,16,"[25, 25, 25, 25, 25, 1]","[500, 100, 50]",0.4,4,0.05,4096,0.0165852277778,0.694433110952,0.69313157286
97,16,"[64, 32, 16, 32, 64, 1]","[500, 100, 50]",0.4,4,0.05,4097,0.0819111686111,0.693947413989,0.693402418068
98,16,"[100, 100, 100, 100, 100, 1]","[500, 100, 50]",0.4,4,0.05,4098,0.0587538083333,0.69368637119,0.691670778819
99,16,"[32, 20, 16, 32, 10, 1]","[500, 100, 50]",0.4,4,0.05,4099,0.0172016105556,0.694978604998,0.692796550478
100,16,"[50, 50, 50, 50, 50, 1]","[1000, 500, 100, 50]",0.0,4,0.005,4100,0.0279590441667,0.690774767739,0.691046210698
101,16,"[25, 25, 25, 25, 25, 1]","[1000, 500, 100, 50]",0.0,4,0.005,4101,0.0177918619444,0.69065559251,0.690005218983
102,16,"[64, 32, 16, 32, 64, 1]","[1000, 500, 100, 50]",0.0,4,0.005,4102,0.0854214619444,0.688914591925,0.688178784507
103,16,"[100, 100, 100, 100, 100, 1]","[1000, 500, 100, 50]",0.0,4,0.005,4103,0.0593708913889,0.688803000961,0.688069217546
104,16,"[32, 20, 16, 32, 10, 1]","[1000, 500, 100, 50]",0.0,4,0.005,4104,0.0188358566667,0.691057249478,0.691631633895
105,16,"[50, 50, 50, 50, 50, 1]","[1000, 500, 100, 50]",0.0,4,0.01,4105,0.0276145133333,0.689656743833,0.688564685413
106,16,"[25, 25, 25, 25, 25, 1]","[1000, 500, 100, 50]",0.0,4,0.01,4106,0.0176179655556,0.689936556135,0.689598839624
107,16,"[64, 32, 16, 32, 64, 1]","[1000, 500, 100, 50]",0.0,4,0.01,4107,0.0851648972222,0.686461699009,0.685858958108
108,16,"[100, 100, 100, 100, 100, 1]","[1000, 500, 100, 50]",0.0,4,0.01,4108,0.0616210872222,0.68711058838,0.684177861895
109,16,"[32, 20, 16, 32, 10, 1]","[1000, 500, 100, 50]",0.0,4,0.01,4109,0.0195910630556,0.690522795916,0.691297609465
110,16,"[50, 50, 50, 50, 50, 1]","[1000, 500, 100, 50]",0.0,4,0.02,4110,0.0279139288889,0.683904855592,0.679953885078
111,16,"[25, 25, 25, 25, 25, 1]","[1000, 500, 100, 50]",0.0,4,0.02,4111,0.0178818086111,0.686483389991,0.686361329896
112,16,"[64, 32, 16, 32, 64, 1]","[1000, 500, 100, 50]",0.0,4,0.02,4112,0.0860671033333,0.687324787889,0.686074597495
113,16,"[100, 100, 100, 100, 100, 1]","[1000, 500, 100, 50]",0.0,4,0.02,4113,0.0603522827778,0.673185798952,0.664661502838
114,16,"[32, 20, 16, 32, 10, 1]","[1000, 500, 100, 50]",0.0,4,0.02,4114,0.0191394811111,0.689254198756,0.686859345436
115,16,"[50, 50, 50, 50, 50, 1]","[1000, 500, 100, 50]",0.0,4,0.05,4115,0.0328678175,0.682225754431,0.674978527001
116,16,"[25, 25, 25, 25, 25, 1]","[1000, 500, 100, 50]",0.0,4,0.05,4116,0.0180517833333,0.666907226188,0.662008578437
117,16,"[64, 32, 16, 32, 64, 1]","[1000, 500, 100, 50]",0.0,4,0.05,4117,0.0915553458333,0.684484138659,0.680585299219
118,16,"[100, 100, 100, 100, 100, 1]","[1000, 500, 100, 50]",0.0,4,0.05,4118,0.0644879963889,0.680599286727,0.668775074823
119,16,"[32, 20, 16, 32, 10, 1]","[1000, 500, 100, 50]",0.0,4,0.05,4119,0.0193259461111,0.691154054233,0.689615280288
120,16,"[50, 50, 50, 50, 50, 1]","[1000, 500, 100, 50]",0.1,4,0.005,4120,0.0285076058333,0.688928681612,0.687981983594
121,16,"[25, 25, 25, 25, 25, 1]","[1000, 500, 100, 50]",0.1,4,0.005,4121,0.0183797377778,0.690935971907,0.690283392157
122,16,"[64, 32, 16, 32, 64, 1]","[1000, 500, 100, 50]",0.1,4,0.005,4122,0.0856917197222,0.690012023279,0.68880773953
123,16,"[100, 100, 100, 100, 100, 1]","[1000, 500, 100, 50]",0.1,4,0.005,4123,0.0612905066667,0.687047899621,0.684821500097
124,16,"[32, 20, 16, 32, 10, 1]","[1000, 500, 100, 50]",0.1,4,0.005,4124,0.0192882202778,0.692354038783,0.692143658229
125,16,"[50, 50, 50, 50, 50, 1]","[1000, 500, 100, 50]",0.1,4,0.01,4125,0.0285612377778,0.689548493283,0.6880384905
126,16,"[25, 25, 25, 25, 25, 1]","[1000, 500, 100, 50]",0.1,4,0.01,4126,0.0181173130556,0.686562862567,0.689942591531
127,16,"[64, 32, 16, 32, 64, 1]","[1000, 500, 100, 50]",0.1,4,0.01,4127,0.08848642,0.689209407568,0.686891019344
128,16,"[100, 100, 100, 100, 100, 1]","[1000, 500, 100, 50]",0.1,4,0.01,4128,0.0601604672222,0.682171765396,0.679531032698
129,16,"[32, 20, 16, 32, 10, 1]","[1000, 500, 100, 50]",0.1,4,0.01,4129,0.0192322127778,0.691053190402,0.691712066105
130,16,"[50, 50, 50, 50, 50, 1]","[1000, 500, 100, 50]",0.1,4,0.02,4130,0.0283079675,0.687357089349,0.686816496508
131,16,"[25, 25, 25, 25, 25, 1]","[1000, 500, 100, 50]",0.1,4,0.02,4131,0.0180769519444,0.687278703281,0.685457835879
132,16,"[64, 32, 16, 32, 64, 1]","[1000, 500, 100, 50]",0.1,4,0.02,4132,0.0881942544444,0.686647581203,0.682723655019
133,16,"[100, 100, 100, 100, 100, 1]","[1000, 500, 100, 50]",0.1,4,0.02,4133,0.0604672527778,0.68141810298,0.675910437107
134,16,"[32, 20, 16, 32, 10, 1]","[1000, 500, 100, 50]",0.1,4,0.02,4134,0.0190990180556,0.690988311597,0.691392908778
135,16,"[50, 50, 50, 50, 50, 1]","[1000, 500, 100, 50]",0.1,4,0.05,4135,0.0283904005556,0.686730072328,0.676570716926
136,16,"[25, 25, 25, 25, 25, 1]","[1000, 500, 100, 50]",0.1,4,0.05,4136,0.0177056975,0.690796569416,0.68752877542
137,16,"[64, 32, 16, 32, 64, 1]","[1000, 500, 100, 50]",0.1,4,0.05,4137,0.108170658611,0.69032808968,0.692585977486
138,16,"[100, 100, 100, 100, 100, 1]","[1000, 500, 100, 50]",0.1,4,0.05,4138,0.0606239369444,0.647580886739,0.596514952183
139,16,"[32, 20, 16, 32, 10, 1]","[1000, 500, 100, 50]",0.1,4,0.05,4139,0.0194602080556,0.689642713751,0.694227240767
140,16,"[50, 50, 50, 50, 50, 1]","[1000, 500, 100, 50]",0.2,4,0.005,4140,0.0286140266667,0.691509404353,0.691137313843
141,16,"[25, 25, 25, 25, 25, 1]","[1000, 500, 100, 50]",0.2,4,0.005,4141,0.0191751325,0.692402005196,0.691563221387
142,16,"[64, 32, 16, 32, 64, 1]","[1000, 500, 100, 50]",0.2,4,0.005,4142,0.0866464772222,0.691466079439,0.691542584555
143,16,"[100, 100, 100, 100, 100, 1]","[1000, 500, 100, 50]",0.2,4,0.005,4143,0.0592911219444,0.689921468496,0.68863563197
144,16,"[32, 20, 16, 32, 10, 1]","[1000, 500, 100, 50]",0.2,4,0.005,4144,0.0191964277778,0.692353083406,0.691725982938
145,16,"[50, 50, 50, 50, 50, 1]","[1000, 500, 100, 50]",0.2,4,0.01,4145,0.0284724961111,0.692062808786,0.690625132833
146,16,"[25, 25, 25, 25, 25, 1]","[1000, 500, 100, 50]",0.2,4,0.01,4146,0.0178782388889,0.690266097443,0.689404177666
147,16,"[64, 32, 16, 32, 64, 1]","[1000, 500, 100, 50]",0.2,4,0.01,4147,0.0864439644444,0.689762369224,0.687165943214
148,16,"[100, 100, 100, 100, 100, 1]","[1000, 500, 100, 50]",0.2,4,0.01,4148,0.0603094336111,0.688679707902,0.686182236671
149,16,"[32, 20, 16, 32, 10, 1]","[1000, 500, 100, 50]",0.2,4,0.01,4149,0.0190858102778,0.692085348708,0.691423865727
150,16,"[50, 50, 50, 50, 50, 1]","[1000, 500, 100, 50]",0.2,4,0.02,4150,0.0286604005556,0.691210321018,0.689059802464
151,16,"[25, 25, 25, 25, 25, 1]","[1000, 500, 100, 50]",0.2,4,0.02,4151,0.0179652894444,0.692315362181,0.693218006407
152,16,"[64, 32, 16, 32, 64, 1]","[1000, 500, 100, 50]",0.2,4,0.02,4152,0.0868987380556,0.691371259519,0.688229921886
153,16,"[100, 100, 100, 100, 100, 1]","[1000, 500, 100, 50]",0.2,4,0.02,4153,0.0627579647222,0.686030164787,0.680424795832
154,16,"[32, 20, 16, 32, 10, 1]","[1000, 500, 100, 50]",0.2,4,0.02,4154,0.0193513508333,0.691030624935,0.692200958729
155,16,"[50, 50, 50, 50, 50, 1]","[1000, 500, 100, 50]",0.2,4,0.05,4155,0.0287492508333,0.692808310475,0.692944792339
156,16,"[25, 25, 25, 25, 25, 1]","[1000, 500, 100, 50]",0.2,4,0.05,4156,0.0181865958333,0.693970871823,0.691231974534
157,16,"[64, 32, 16, 32, 64, 1]","[1000, 500, 100, 50]",0.2,4,0.05,4157,0.0886721583333,0.690352874143,0.6835501194
158,16,"[100, 100, 100, 100, 100, 1]","[1000, 500, 100, 50]",0.2,4,0.05,4158,0.0657767105556,0.678337579966,0.649322242396
159,16,"[32, 20, 16, 32, 10, 1]","[1000, 500, 100, 50]",0.2,4,0.05,4159,0.0193695325,0.694072714022,0.693391415051
160,16,"[50, 50, 50, 50, 50, 1]","[1000, 500, 100, 50]",0.3,4,0.005,4160,0.0720153575,0.692045714174,0.691749661309
161,16,"[25, 25, 25, 25, 25, 1]","[1000, 500, 100, 50]",0.3,4,0.005,4161,0.0182696097222,0.692553916999,0.692412868568
162,16,"[64, 32, 16, 32, 64, 1]","[1000, 500, 100, 50]",0.3,4,0.005,4162,0.0920266069444,0.692850938014,0.692086555277
163,16,"[100, 100, 100, 100, 100, 1]","[1000, 500, 100, 50]",0.3,4,0.005,4163,0.0642343744444,0.692300012282,0.691646506105
164,16,"[32, 20, 16, 32, 10, 1]","[1000, 500, 100, 50]",0.3,4,0.005,4164,0.0199092952778,0.693117101703,0.692840872492
165,16,"[50, 50, 50, 50, 50, 1]","[1000, 500, 100, 50]",0.3,4,0.01,4165,0.030707135,0.692883749519,0.692148038319
166,16,"[25, 25, 25, 25, 25, 1]","[1000, 500, 100, 50]",0.3,4,0.01,4166,0.0182868016667,0.692589283841,0.692488581794
167,16,"[64, 32, 16, 32, 64, 1]","[1000, 500, 100, 50]",0.3,4,0.01,4167,0.0999032863889,0.692093441316,0.690856095723
168,16,"[100, 100, 100, 100, 100, 1]","[1000, 500, 100, 50]",0.3,4,0.01,4168,0.0695814588889,0.691908159426,0.689862356867
169,16,"[32, 20, 16, 32, 10, 1]","[1000, 500, 100, 50]",0.3,4,0.01,4169,0.0200172355556,0.692922967672,0.692734997613
170,16,"[50, 50, 50, 50, 50, 1]","[1000, 500, 100, 50]",0.3,4,0.02,4170,0.0295616008333,0.69291521396,0.691982712064
171,16,"[25, 25, 25, 25, 25, 1]","[1000, 500, 100, 50]",0.3,4,0.02,4171,0.0184948388889,0.693141024453,0.692041437966
172,16,"[64, 32, 16, 32, 64, 1]","[1000, 500, 100, 50]",0.3,4,0.02,4172,3.7462792975,0.693499301161,0.693612970625
173,16,"[100, 100, 100, 100, 100, 1]","[1000, 500, 100, 50]",0.3,4,0.02,4173,0.0671870486111,0.688102443729,0.685983133316
174,16,"[32, 20, 16, 32, 10, 1]","[1000, 500, 100, 50]",0.3,4,0.02,4174,0.0233667008333,0.693645689317,0.693284419605
175,16,"[50, 50, 50, 50, 50, 1]","[1000, 500, 100, 50]",0.3,4,0.05,4175,0.0336769947222,0.693151369265,0.693784976006
176,16,"[25, 25, 25, 25, 25, 1]","[1000, 500, 100, 50]",0.3,4,0.05,4176,0.0239082927778,0.693678792034,0.692230670793
177,16,"[64, 32, 16, 32, 64, 1]","[1000, 500, 100, 50]",0.3,4,0.05,4177,0.0959853622222,0.693884200709,0.693211919921
178,16,"[100, 100, 100, 100, 100, 1]","[1000, 500, 100, 50]",0.3,4,0.05,4178,0.0669415627778,0.693398786443,0.692195282664
179,16,"[32, 20, 16, 32, 10, 1]","[1000, 500, 100, 50]",0.3,4,0.05,4179,0.0198210644444,0.694569184099,0.693046767371
180,16,"[50, 50, 50, 50, 50, 1]","[1000, 500, 100, 50]",0.4,4,0.005,4180,0.0286699488889,0.69295824085,0.693050416878
181,16,"[25, 25, 25, 25, 25, 1]","[1000, 500, 100, 50]",0.4,4,0.005,4181,0.0187787294444,0.693003914186,0.692954398905
182,16,"[64, 32, 16, 32, 64, 1]","[1000, 500, 100, 50]",0.4,4,0.005,4182,1.03057863722,0.693173331022,0.693234823431
183,16,"[100, 100, 100, 100, 100, 1]","[1000, 500, 100, 50]",0.4,4,0.005,4183,1.1054368425,0.693103186573,0.693245232105
184,16,"[32, 20, 16, 32, 10, 1]","[1000, 500, 100, 50]",0.4,4,0.005,4184,0.0496586872222,0.693035621302,0.692755195073
185,16,"[50, 50, 50, 50, 50, 1]","[1000, 500, 100, 50]",0.4,4,0.01,4185,0.0966775877778,0.693012800387,0.69330227375
186,16,"[25, 25, 25, 25, 25, 1]","[1000, 500, 100, 50]",0.4,4,0.01,4186,0.0513586658333,0.693104505539,0.692767732484
187,16,"[64, 32, 16, 32, 64, 1]","[1000, 500, 100, 50]",0.4,4,0.01,4187,0.228254040278,0.693276650565,0.693226168837
188,16,"[100, 100, 100, 100, 100, 1]","[1000, 500, 100, 50]",0.4,4,0.01,4188,0.0630510180556,0.692896633489,0.691936375414
189,16,"[32, 20, 16, 32, 10, 1]","[1000, 500, 100, 50]",0.4,4,0.01,4189,0.0198235072222,0.692352684055,0.692976423672
190,16,"[50, 50, 50, 50, 50, 1]","[1000, 500, 100, 50]",0.4,4,0.02,4190,0.0292972872222,0.693046470199,0.692778173515
191,16,"[25, 25, 25, 25, 25, 1]","[1000, 500, 100, 50]",0.4,4,0.02,4191,1.01835130139,0.692925689902,0.693324734483
192,16,"[64, 32, 16, 32, 64, 1]","[1000, 500, 100, 50]",0.4,4,0.02,4192,0.20546821,0.692869684526,0.692803726877
193,16,"[100, 100, 100, 100, 100, 1]","[1000, 500, 100, 50]",0.4,4,0.02,4193,0.062743025,0.693424143961,0.691785810675
194,16,"[32, 20, 16, 32, 10, 1]","[1000, 500, 100, 50]",0.4,4,0.02,4194,0.0208115611111,0.693515126194,0.693290328979
195,16,"[50, 50, 50, 50, 50, 1]","[1000, 500, 100, 50]",0.4,4,0.05,4195,0.0295446777778,0.694008216688,0.692341521808
196,16,"[25, 25, 25, 25, 25, 1]","[1000, 500, 100, 50]",0.4,4,0.05,4196,1.00416176694,0.695159495728,0.694210892064
197,16,"[64, 32, 16, 32, 64, 1]","[1000, 500, 100, 50]",0.4,4,0.05,4197,0.224516529444,0.693733099529,0.692785954475
198,16,"[100, 100, 100, 100, 100, 1]","[1000, 500, 100, 50]",0.4,4,0.05,4198,0.0623394119444,0.694134016548,0.693563929626
199,16,"[32, 20, 16, 32, 10, 1]","[1000, 500, 100, 50]",0.4,4,0.05,4199,0.0201208863889,0.694081676858,0.692783151354
200,16,"[50, 50, 50, 50, 50, 1]","[2000, 1000, 500, 100, 50]",0.0,4,0.005,4200,0.0328663686111,0.692004405601,0.691788084166
201,16,"[25, 25, 25, 25, 25, 1]","[2000, 1000, 500, 100, 50]",0.0,4,0.005,4201,1.01045601694,0.692217219727,0.691914415359
202,16,"[64, 32, 16, 32, 64, 1]","[2000, 1000, 500, 100, 50]",0.0,4,0.005,4202,0.276994373333,0.691368468319,0.691072719438
203,16,"[100, 100, 100, 100, 100, 1]","[2000, 1000, 500, 100, 50]",0.0,4,0.005,4203,0.0674813369444,0.689375657695,0.688958999089
204,16,"[32, 20, 16, 32, 10, 1]","[2000, 1000, 500, 100, 50]",0.0,4,0.005,4204,0.0262115816667,0.691691015448,0.691590149062
205,16,"[50, 50, 50, 50, 50, 1]","[2000, 1000, 500, 100, 50]",0.0,4,0.01,4205,1.11607756917,0.68996885504,0.690538297381
206,16,"[25, 25, 25, 25, 25, 1]","[2000, 1000, 500, 100, 50]",0.0,4,0.01,4206,1.02293674333,0.690473687649,0.691269448825
207,16,"[64, 32, 16, 32, 64, 1]","[2000, 1000, 500, 100, 50]",0.0,4,0.01,4207,0.252926657778,0.690372897046,0.689626390593
208,16,"[100, 100, 100, 100, 100, 1]","[2000, 1000, 500, 100, 50]",0.0,4,0.01,4208,0.0656357558333,0.689617695127,0.687060327189
209,16,"[32, 20, 16, 32, 10, 1]","[2000, 1000, 500, 100, 50]",0.0,4,0.01,4209,0.0262650516667,0.689919109004,0.691462618964
210,16,"[50, 50, 50, 50, 50, 1]","[2000, 1000, 500, 100, 50]",0.0,4,0.02,4210,0.147402048611,0.690242557866,0.688184125083
211,16,"[25, 25, 25, 25, 25, 1]","[2000, 1000, 500, 100, 50]",0.0,4,0.02,4211,0.0528354038889,0.690369439977,0.688917435919
212,16,"[64, 32, 16, 32, 64, 1]","[2000, 1000, 500, 100, 50]",0.0,4,0.02,4212,2.22601552361,0.693580013514,0.693135006087
213,16,"[100, 100, 100, 100, 100, 1]","[2000, 1000, 500, 100, 50]",0.0,4,0.02,4213,0.241421499722,0.678252031973,0.672880278315
214,16,"[32, 20, 16, 32, 10, 1]","[2000, 1000, 500, 100, 50]",0.0,4,0.02,4214,0.0265352908333,0.691729115588,0.690583406176
215,16,"[50, 50, 50, 50, 50, 1]","[2000, 1000, 500, 100, 50]",0.0,4,0.05,4215,0.0333265875,0.690465004955,0.690647116729
216,16,"[25, 25, 25, 25, 25, 1]","[2000, 1000, 500, 100, 50]",0.0,4,0.05,4216,0.0227049444444,0.68978806138,0.686356224333
217,16,"[64, 32, 16, 32, 64, 1]","[2000, 1000, 500, 100, 50]",0.0,4,0.05,4217,1.28431157694,0.693482507127,0.694522169658
218,16,"[100, 100, 100, 100, 100, 1]","[2000, 1000, 500, 100, 50]",0.0,4,0.05,4218,0.183973851944,0.690584965263,0.686122703552
219,16,"[32, 20, 16, 32, 10, 1]","[2000, 1000, 500, 100, 50]",0.0,4,0.05,4219,0.0264985794444,0.692814566408,0.690743173872
220,16,"[50, 50, 50, 50, 50, 1]","[2000, 1000, 500, 100, 50]",0.1,4,0.005,4220,0.0331834844444,0.692045185396,0.692230534554
221,16,"[25, 25, 25, 25, 25, 1]","[2000, 1000, 500, 100, 50]",0.1,4,0.005,4221,0.0228297855556,0.692092143638,0.691902075495
222,16,"[64, 32, 16, 32, 64, 1]","[2000, 1000, 500, 100, 50]",0.1,4,0.005,4222,0.304840423611,0.691500910691,0.690878355503
223,16,"[100, 100, 100, 100, 100, 1]","[2000, 1000, 500, 100, 50]",0.1,4,0.005,4223,0.0642935655556,0.689809619529,0.688285957064
224,16,"[32, 20, 16, 32, 10, 1]","[2000, 1000, 500, 100, 50]",0.1,4,0.005,4224,0.0908559622222,0.692369562387,0.691672052656
225,16,"[50, 50, 50, 50, 50, 1]","[2000, 1000, 500, 100, 50]",0.1,4,0.01,4225,0.0328538997222,0.688558044604,0.686168912479
226,16,"[25, 25, 25, 25, 25, 1]","[2000, 1000, 500, 100, 50]",0.1,4,0.01,4226,0.0227749375,0.689946476902,0.687569958823
227,16,"[64, 32, 16, 32, 64, 1]","[2000, 1000, 500, 100, 50]",0.1,4,0.01,4227,2.63742672444,0.692382631983,0.691497703961
228,16,"[100, 100, 100, 100, 100, 1]","[2000, 1000, 500, 100, 50]",0.1,4,0.01,4228,0.203421286111,0.686195001432,0.682389606748
229,16,"[32, 20, 16, 32, 10, 1]","[2000, 1000, 500, 100, 50]",0.1,4,0.01,4229,0.0297921872222,0.691906343188,0.69306781292
230,16,"[50, 50, 50, 50, 50, 1]","[2000, 1000, 500, 100, 50]",0.1,4,0.02,4230,0.0336704472222,0.690925420182,0.687867740222
231,16,"[25, 25, 25, 25, 25, 1]","[2000, 1000, 500, 100, 50]",0.1,4,0.02,4231,0.0228443719444,0.692268173184,0.690859462534
232,16,"[64, 32, 16, 32, 64, 1]","[2000, 1000, 500, 100, 50]",0.1,4,0.02,4232,1.06323456139,0.693754168919,0.693240244048
233,16,"[100, 100, 100, 100, 100, 1]","[2000, 1000, 500, 100, 50]",0.1,4,0.02,4233,0.155930739167,0.684059354237,0.674842333794
234,16,"[32, 20, 16, 32, 10, 1]","[2000, 1000, 500, 100, 50]",0.1,4,0.02,4234,0.0270295422222,0.691980150768,0.690859668595
235,16,"[50, 50, 50, 50, 50, 1]","[2000, 1000, 500, 100, 50]",0.1,4,0.05,4235,0.0336618722222,0.693385447775,0.691732108593
236,16,"[25, 25, 25, 25, 25, 1]","[2000, 1000, 500, 100, 50]",0.1,4,0.05,4236,0.0229191155556,0.68972184062,0.685951456002
237,16,"[64, 32, 16, 32, 64, 1]","[2000, 1000, 500, 100, 50]",0.1,4,0.05,4237,1.08440193583,0.693710581745,0.691987085342
238,16,"[100, 100, 100, 100, 100, 1]","[2000, 1000, 500, 100, 50]",0.1,4,0.05,4238,0.188583508611,0.683284436805,0.659182744367
239,16,"[32, 20, 16, 32, 10, 1]","[2000, 1000, 500, 100, 50]",0.1,4,0.05,4239,0.0268301625,0.693262571948,0.691844146592
240,16,"[50, 50, 50, 50, 50, 1]","[2000, 1000, 500, 100, 50]",0.2,4,0.005,4240,0.0333215666667,0.69285705345,0.692812766348
241,16,"[25, 25, 25, 25, 25, 1]","[2000, 1000, 500, 100, 50]",0.2,4,0.005,4241,0.308154608056,0.692967110021,0.69306378024
242,16,"[64, 32, 16, 32, 64, 1]","[2000, 1000, 500, 100, 50]",0.2,4,0.005,4242,1.06234837667,0.693216913087,0.693062135151
243,16,"[100, 100, 100, 100, 100, 1]","[2000, 1000, 500, 100, 50]",0.2,4,0.005,4243,1.17114973083,0.692832239185,0.692963727883
244,16,"[32, 20, 16, 32, 10, 1]","[2000, 1000, 500, 100, 50]",0.2,4,0.005,4244,0.0643271638889,0.69255522745,0.691980290413
245,16,"[50, 50, 50, 50, 50, 1]","[2000, 1000, 500, 100, 50]",0.2,4,0.01,4245,0.0676115863889,0.692929831573,0.691600114959
246,16,"[25, 25, 25, 25, 25, 1]","[2000, 1000, 500, 100, 50]",0.2,4,0.01,4246,0.0230848894444,0.69232593349,0.692433108602
247,16,"[64, 32, 16, 32, 64, 1]","[2000, 1000, 500, 100, 50]",0.2,4,0.01,4247,0.100105664444,0.692859623262,0.692219931739
248,16,"[100, 100, 100, 100, 100, 1]","[2000, 1000, 500, 100, 50]",0.2,4,0.01,4248,1.06763537222,0.693231034279,0.692529610225
249,16,"[32, 20, 16, 32, 10, 1]","[2000, 1000, 500, 100, 50]",0.2,4,0.01,4249,0.0653947094444,0.692607346603,0.692552215712
250,16,"[50, 50, 50, 50, 50, 1]","[2000, 1000, 500, 100, 50]",0.2,4,0.02,4250,0.0453418338889,0.692534845216,0.691567075253
251,16,"[25, 25, 25, 25, 25, 1]","[2000, 1000, 500, 100, 50]",0.2,4,0.02,4251,0.0231625108333,0.691971078089,0.69203646183
252,16,"[64, 32, 16, 32, 64, 1]","[2000, 1000, 500, 100, 50]",0.2,4,0.02,4252,0.0964801975,0.692985043355,0.691010063035
253,16,"[100, 100, 100, 100, 100, 1]","[2000, 1000, 500, 100, 50]",0.2,4,0.02,4253,0.199164369444,0.692748860802,0.692654061317
254,16,"[32, 20, 16, 32, 10, 1]","[2000, 1000, 500, 100, 50]",0.2,4,0.02,4254,0.0270588019444,0.692654332944,0.691886302403
255,16,"[50, 50, 50, 50, 50, 1]","[2000, 1000, 500, 100, 50]",0.2,4,0.05,4255,0.0338529786111,0.693373074702,0.693626238619
256,16,"[25, 25, 25, 25, 25, 1]","[2000, 1000, 500, 100, 50]",0.2,4,0.05,4256,0.0232057086111,0.693873580013,0.691726403577
257,16,"[64, 32, 16, 32, 64, 1]","[2000, 1000, 500, 100, 50]",0.2,4,0.05,4257,1.09729854028,0.693072221109,0.695548459462
258,16,"[100, 100, 100, 100, 100, 1]","[2000, 1000, 500, 100, 50]",0.2,4,0.05,4258,0.177523455278,0.692710844108,0.691497950894
259,16,"[32, 20, 16, 32, 10, 1]","[2000, 1000, 500, 100, 50]",0.2,4,0.05,4259,0.0270772375,0.69420535309,0.693781086377
260,16,"[50, 50, 50, 50, 50, 1]","[2000, 1000, 500, 100, 50]",0.3,4,0.005,4260,0.0340044180556,0.693170346533,0.692987222331
261,16,"[25, 25, 25, 25, 25, 1]","[2000, 1000, 500, 100, 50]",0.3,4,0.005,4261,0.0231224425,0.692496797017,0.692588591576
262,16,"[64, 32, 16, 32, 64, 1]","[2000, 1000, 500, 100, 50]",0.3,4,0.005,4262,1.09256623333,0.692998044831,0.692810225487
263,16,"[100, 100, 100, 100, 100, 1]","[2000, 1000, 500, 100, 50]",0.3,4,0.005,4263,0.160350267222,0.693064037391,0.692942718097
264,16,"[32, 20, 16, 32, 10, 1]","[2000, 1000, 500, 100, 50]",0.3,4,0.005,4264,0.0271684475,0.692755282777,0.692938058717
265,16,"[50, 50, 50, 50, 50, 1]","[2000, 1000, 500, 100, 50]",0.3,4,0.01,4265,0.0336255002778,0.692699889626,0.692267833437
266,16,"[25, 25, 25, 25, 25, 1]","[2000, 1000, 500, 100, 50]",0.3,4,0.01,4266,0.0235067419444,0.693472815411,0.692550597872
267,16,"[64, 32, 16, 32, 64, 1]","[2000, 1000, 500, 100, 50]",0.3,4,0.01,4267,1.09145187361,0.693349182606,0.693264620645
268,16,"[100, 100, 100, 100, 100, 1]","[2000, 1000, 500, 100, 50]",0.3,4,0.01,4268,0.0622806219444,0.692770927293,0.692289960384
269,16,"[32, 20, 16, 32, 10, 1]","[2000, 1000, 500, 100, 50]",0.3,4,0.01,4269,0.0241324497222,0.693513145617,0.692881335531
270,16,"[50, 50, 50, 50, 50, 1]","[2000, 1000, 500, 100, 50]",0.3,4,0.02,4270,0.0655007463889,0.693562802247,0.693048323904
271,16,"[25, 25, 25, 25, 25, 1]","[2000, 1000, 500, 100, 50]",0.3,4,0.02,4271,0.0205705138889,0.693328360149,0.692955284459
272,16,"[64, 32, 16, 32, 64, 1]","[2000, 1000, 500, 100, 50]",0.3,4,0.02,4272,0.0925880475,0.693710484675,0.693579125404
273,16,"[100, 100, 100, 100, 100, 1]","[2000, 1000, 500, 100, 50]",0.3,4,0.02,4273,0.0636190516667,0.69373908639,0.693000531197
274,16,"[32, 20, 16, 32, 10, 1]","[2000, 1000, 500, 100, 50]",0.3,4,0.02,4274,0.0245673877778,0.693898550102,0.692502674035
275,16,"[50, 50, 50, 50, 50, 1]","[2000, 1000, 500, 100, 50]",0.3,4,0.05,4275,0.0302104272222,0.693933159964,0.692551415307
276,16,"[25, 25, 25, 25, 25, 1]","[2000, 1000, 500, 100, 50]",0.3,4,0.05,4276,0.0210378972222,0.694586020708,0.69255219698
277,16,"[64, 32, 16, 32, 64, 1]","[2000, 1000, 500, 100, 50]",0.3,4,0.05,4277,0.0914392175,0.693402425732,0.692520734242
278,16,"[100, 100, 100, 100, 100, 1]","[2000, 1000, 500, 100, 50]",0.3,4,0.05,4278,0.0622375752778,0.694471871853,0.693557810783
279,16,"[32, 20, 16, 32, 10, 1]","[2000, 1000, 500, 100, 50]",0.3,4,0.05,4279,0.0245507716667,0.695209719454,0.692597573144
280,16,"[50, 50, 50, 50, 50, 1]","[2000, 1000, 500, 100, 50]",0.4,4,0.005,4280,0.0319521136111,0.692949222667,0.693105133942
281,16,"[25, 25, 25, 25, 25, 1]","[2000, 1000, 500, 100, 50]",0.4,4,0.005,4281,0.0209047116667,0.693830052444,0.693024202756
282,16,"[64, 32, 16, 32, 64, 1]","[2000, 1000, 500, 100, 50]",0.4,4,0.005,4282,1.10057779083,0.692821514606,0.693264307295
283,16,"[100, 100, 100, 100, 100, 1]","[2000, 1000, 500, 100, 50]",0.4,4,0.005,4283,0.169093165833,0.693229550123,0.693142824514
284,16,"[32, 20, 16, 32, 10, 1]","[2000, 1000, 500, 100, 50]",0.4,4,0.005,4284,0.0245239461111,0.693283964906,0.693076000895
285,16,"[50, 50, 50, 50, 50, 1]","[2000, 1000, 500, 100, 50]",0.4,4,0.01,4285,0.0309195269444,0.693397786788,0.693293455669
286,16,"[25, 25, 25, 25, 25, 1]","[2000, 1000, 500, 100, 50]",0.4,4,0.01,4286,0.02089696,0.692144773688,0.693047080721
287,16,"[64, 32, 16, 32, 64, 1]","[2000, 1000, 500, 100, 50]",0.4,4,0.01,4287,1.94102201,0.69259299721,0.693130288805
288,16,"[100, 100, 100, 100, 100, 1]","[2000, 1000, 500, 100, 50]",0.4,4,0.01,4288,1.03939340694,0.693394594533,0.693477058411
289,16,"[32, 20, 16, 32, 10, 1]","[2000, 1000, 500, 100, 50]",0.4,4,0.01,4289,0.0594396488889,0.6923551304,0.693063431127
290,16,"[50, 50, 50, 50, 50, 1]","[2000, 1000, 500, 100, 50]",0.4,4,0.02,4290,0.0307556719444,0.693719181844,0.692992605482
291,16,"[25, 25, 25, 25, 25, 1]","[2000, 1000, 500, 100, 50]",0.4,4,0.02,4291,0.0209277944444,0.694558612789,0.693477145263
292,16,"[64, 32, 16, 32, 64, 1]","[2000, 1000, 500, 100, 50]",0.4,4,0.02,4292,0.0928548483333,0.693854931423,0.692877115522
293,16,"[100, 100, 100, 100, 100, 1]","[2000, 1000, 500, 100, 50]",0.4,4,0.02,4293,1.41331313889,0.693965959549,0.693742317813
294,16,"[32, 20, 16, 32, 10, 1]","[2000, 1000, 500, 100, 50]",0.4,4,0.02,4294,1.01352407389,0.693742054701,0.693156591484
295,16,"[50, 50, 50, 50, 50, 1]","[2000, 1000, 500, 100, 50]",0.4,4,0.05,4295,0.101484859722,0.693713399342,0.693787181377
296,16,"[25, 25, 25, 25, 25, 1]","[2000, 1000, 500, 100, 50]",0.4,4,0.05,4296,0.0210451422222,0.694016402108,0.693544091497
297,16,"[64, 32, 16, 32, 64, 1]","[2000, 1000, 500, 100, 50]",0.4,4,0.05,4297,0.0946289730556,0.694105876344,0.693129677432
298,16,"[100, 100, 100, 100, 100, 1]","[2000, 1000, 500, 100, 50]",0.4,4,0.05,4298,0.0629469216667,0.694981884105,0.692671527181
299,16,"[32, 20, 16, 32, 10, 1]","[2000, 1000, 500, 100, 50]",0.4,4,0.05,4299,0.0530047080556,0.69230048401,0.696298081534
300,16,"[50, 50, 50, 50, 50, 1]","[2000, 1000, 1000, 500, 100, 50]",0.0,4,0.005,4300,0.111961827778,0.691282465628,0.693246330534
301,16,"[25, 25, 25, 25, 25, 1]","[2000, 1000, 1000, 500, 100, 50]",0.0,4,0.005,4301,0.0357189027778,0.691984541076,0.691662727083
302,16,"[64, 32, 16, 32, 64, 1]","[2000, 1000, 1000, 500, 100, 50]",0.0,4,0.005,4302,0.0974681438889,0.692348510878,0.692228725978
303,16,"[100, 100, 100, 100, 100, 1]","[2000, 1000, 1000, 500, 100, 50]",0.0,4,0.005,4303,0.063420145,0.691940401282,0.691456730025
304,16,"[32, 20, 16, 32, 10, 1]","[2000, 1000, 1000, 500, 100, 50]",0.0,4,0.005,4304,1.01694169667,0.692811412471,0.692949458531
305,16,"[50, 50, 50, 50, 50, 1]","[2000, 1000, 1000, 500, 100, 50]",0.0,4,0.01,4305,0.102240702778,0.692047606196,0.691296720505
306,16,"[25, 25, 25, 25, 25, 1]","[2000, 1000, 1000, 500, 100, 50]",0.0,4,0.01,4306,0.0290361066667,0.69045612812,0.690101490702
307,16,"[64, 32, 16, 32, 64, 1]","[2000, 1000, 1000, 500, 100, 50]",0.0,4,0.01,4307,0.0968712369444,0.69162846974,0.691696660859
308,16,"[100, 100, 100, 100, 100, 1]","[2000, 1000, 1000, 500, 100, 50]",0.0,4,0.01,4308,1.41758498778,0.691626688412,0.690261287349
309,16,"[32, 20, 16, 32, 10, 1]","[2000, 1000, 1000, 500, 100, 50]",0.0,4,0.01,4309,0.0598723447222,0.691023626498,0.691128165381
310,16,"[50, 50, 50, 50, 50, 1]","[2000, 1000, 1000, 500, 100, 50]",0.0,4,0.02,4310,0.0743394891667,0.692489158256,0.69047430924
311,16,"[25, 25, 25, 25, 25, 1]","[2000, 1000, 1000, 500, 100, 50]",0.0,4,0.02,4311,0.0214551319444,0.690396241631,0.689272100585
312,16,"[64, 32, 16, 32, 64, 1]","[2000, 1000, 1000, 500, 100, 50]",0.0,4,0.02,4312,0.0980395761111,0.692541408539,0.692117779596
313,16,"[100, 100, 100, 100, 100, 1]","[2000, 1000, 1000, 500, 100, 50]",0.0,4,0.02,4313,1.16306929028,0.693378510645,0.692978143692
314,16,"[32, 20, 16, 32, 10, 1]","[2000, 1000, 1000, 500, 100, 50]",0.0,4,0.02,4314,0.06008415,0.69104415008,0.68981722423
315,16,"[50, 50, 50, 50, 50, 1]","[2000, 1000, 1000, 500, 100, 50]",0.0,4,0.05,4315,0.102090075833,0.684108324562,0.677318392481
316,16,"[25, 25, 25, 25, 25, 1]","[2000, 1000, 1000, 500, 100, 50]",0.0,4,0.05,4316,0.0216567508333,0.694047063589,0.691900430407
317,16,"[64, 32, 16, 32, 64, 1]","[2000, 1000, 1000, 500, 100, 50]",0.0,4,0.05,4317,1.11763861806,0.692964168957,0.692515911375
318,16,"[100, 100, 100, 100, 100, 1]","[2000, 1000, 1000, 500, 100, 50]",0.0,4,0.05,4318,0.231061271667,0.693587744236,0.693957829475
319,16,"[32, 20, 16, 32, 10, 1]","[2000, 1000, 1000, 500, 100, 50]",0.0,4,0.05,4319,0.0604253161111,0.693248840741,0.695201420784
320,16,"[50, 50, 50, 50, 50, 1]","[2000, 1000, 1000, 500, 100, 50]",0.1,4,0.005,4320,0.103718340278,0.692426017353,0.69197222335
321,16,"[25, 25, 25, 25, 25, 1]","[2000, 1000, 1000, 500, 100, 50]",0.1,4,0.005,4321,0.0607090497222,0.692821622746,0.692478011336
322,16,"[64, 32, 16, 32, 64, 1]","[2000, 1000, 1000, 500, 100, 50]",0.1,4,0.005,4322,1.27453748194,0.693154458489,0.693220683507
323,16,"[100, 100, 100, 100, 100, 1]","[2000, 1000, 1000, 500, 100, 50]",0.1,4,0.005,4323,1.94550533389,0.69327348641,0.692984792164
324,16,"[32, 20, 16, 32, 10, 1]","[2000, 1000, 1000, 500, 100, 50]",0.1,4,0.005,4324,0.0249319072222,0.692379289865,0.691713694164
325,16,"[50, 50, 50, 50, 50, 1]","[2000, 1000, 1000, 500, 100, 50]",0.1,4,0.01,4325,0.0308133625,0.692153016159,0.691012893404
326,16,"[25, 25, 25, 25, 25, 1]","[2000, 1000, 1000, 500, 100, 50]",0.1,4,0.01,4326,0.0225665436111,0.691714426449,0.690263971261
327,16,"[64, 32, 16, 32, 64, 1]","[2000, 1000, 1000, 500, 100, 50]",0.1,4,0.01,4327,0.0990215291667,0.692121157476,0.692968579701
328,16,"[100, 100, 100, 100, 100, 1]","[2000, 1000, 1000, 500, 100, 50]",0.1,4,0.01,4328,0.0646242116667,0.692023410116,0.690998463971
329,16,"[32, 20, 16, 32, 10, 1]","[2000, 1000, 1000, 500, 100, 50]",0.1,4,0.01,4329,0.0248821163889,0.691996044772,0.691733704294
330,16,"[50, 50, 50, 50, 50, 1]","[2000, 1000, 1000, 500, 100, 50]",0.1,4,0.02,4330,0.0326155841667,0.692370255504,0.692234524659
331,16,"[25, 25, 25, 25, 25, 1]","[2000, 1000, 1000, 500, 100, 50]",0.1,4,0.02,4331,0.0215949394444,0.692242137875,0.690729590825
332,16,"[64, 32, 16, 32, 64, 1]","[2000, 1000, 1000, 500, 100, 50]",0.1,4,0.02,4332,0.0975959941667,0.693112693514,0.692199872221
333,16,"[100, 100, 100, 100, 100, 1]","[2000, 1000, 1000, 500, 100, 50]",0.1,4,0.02,4333,0.0627389630556,0.693224460738,0.691950161116
334,16,"[32, 20, 16, 32, 10, 1]","[2000, 1000, 1000, 500, 100, 50]",0.1,4,0.02,4334,0.0245964983333,0.692602027314,0.691799538476
335,16,"[50, 50, 50, 50, 50, 1]","[2000, 1000, 1000, 500, 100, 50]",0.1,4,0.05,4335,0.0315463747222,0.693880207198,0.691795202664
336,16,"[25, 25, 25, 25, 25, 1]","[2000, 1000, 1000, 500, 100, 50]",0.1,4,0.05,4336,0.0217021330556,0.693860527447,0.692458224297
337,16,"[64, 32, 16, 32, 64, 1]","[2000, 1000, 1000, 500, 100, 50]",0.1,4,0.05,4337,0.0985100794444,0.693914492641,0.693339582852
338,16,"[100, 100, 100, 100, 100, 1]","[2000, 1000, 1000, 500, 100, 50]",0.1,4,0.05,4338,0.0626286430556,0.693248684917,0.691619512013
339,16,"[32, 20, 16, 32, 10, 1]","[2000, 1000, 1000, 500, 100, 50]",0.1,4,0.05,4339,0.0250314555556,0.69301751256,0.690783946855
340,16,"[50, 50, 50, 50, 50, 1]","[2000, 1000, 1000, 500, 100, 50]",0.2,4,0.005,4340,0.0319751175,0.69295670901,0.69286613805
341,16,"[25, 25, 25, 25, 25, 1]","[2000, 1000, 1000, 500, 100, 50]",0.2,4,0.005,4341,0.0215758561111,0.693067061901,0.692692485877
342,16,"[64, 32, 16, 32, 64, 1]","[2000, 1000, 1000, 500, 100, 50]",0.2,4,0.005,4342,0.0967339347222,0.693153821571,0.692897064345
343,16,"[100, 100, 100, 100, 100, 1]","[2000, 1000, 1000, 500, 100, 50]",0.2,4,0.005,4343,0.0639308569444,0.692920714617,0.692677392278
344,16,"[32, 20, 16, 32, 10, 1]","[2000, 1000, 1000, 500, 100, 50]",0.2,4,0.005,4344,0.0253372888889,0.69292106373,0.692757431098
345,16,"[50, 50, 50, 50, 50, 1]","[2000, 1000, 1000, 500, 100, 50]",0.2,4,0.01,4345,0.0318124697222,0.693170605387,0.69286405359
346,16,"[25, 25, 25, 25, 25, 1]","[2000, 1000, 1000, 500, 100, 50]",0.2,4,0.01,4346,0.0219355108333,0.69290246112,0.691874357632
347,16,"[64, 32, 16, 32, 64, 1]","[2000, 1000, 1000, 500, 100, 50]",0.2,4,0.01,4347,0.0979770288889,0.693042778969,0.692808117185
348,16,"[100, 100, 100, 100, 100, 1]","[2000, 1000, 1000, 500, 100, 50]",0.2,4,0.01,4348,0.0636240897222,0.692993550641,0.692306927272
349,16,"[32, 20, 16, 32, 10, 1]","[2000, 1000, 1000, 500, 100, 50]",0.2,4,0.01,4349,0.0258887833333,0.693152497496,0.692645946571
350,16,"[50, 50, 50, 50, 50, 1]","[2000, 1000, 1000, 500, 100, 50]",0.2,4,0.02,4350,0.0314599311111,0.693301130193,0.692811388629
351,16,"[25, 25, 25, 25, 25, 1]","[2000, 1000, 1000, 500, 100, 50]",0.2,4,0.02,4351,0.0228889063889,0.693178038086,0.692493605614
352,16,"[64, 32, 16, 32, 64, 1]","[2000, 1000, 1000, 500, 100, 50]",0.2,4,0.02,4352,0.0973116802778,0.692647916079,0.693750229904
353,16,"[100, 100, 100, 100, 100, 1]","[2000, 1000, 1000, 500, 100, 50]",0.2,4,0.02,4353,0.0633632397222,0.693236885752,0.692850933756
354,16,"[32, 20, 16, 32, 10, 1]","[2000, 1000, 1000, 500, 100, 50]",0.2,4,0.02,4354,0.0264124194444,0.693241756303,0.692675011499
355,16,"[50, 50, 50, 50, 50, 1]","[2000, 1000, 1000, 500, 100, 50]",0.2,4,0.05,4355,0.0325799758333,0.694267900501,0.694511973858
356,16,"[25, 25, 25, 25, 25, 1]","[2000, 1000, 1000, 500, 100, 50]",0.2,4,0.05,4356,0.0228696158333,0.693572960581,0.692923992021
357,16,"[64, 32, 16, 32, 64, 1]","[2000, 1000, 1000, 500, 100, 50]",0.2,4,0.05,4357,0.102623221667,0.694051321064,0.694041229997
358,16,"[100, 100, 100, 100, 100, 1]","[2000, 1000, 1000, 500, 100, 50]",0.2,4,0.05,4358,0.0646447652778,0.694239473343,0.69353270701
359,16,"[32, 20, 16, 32, 10, 1]","[2000, 1000, 1000, 500, 100, 50]",0.2,4,0.05,4359,0.0263399175,0.69352876544,0.693412644523
360,16,"[50, 50, 50, 50, 50, 1]","[2000, 1000, 1000, 500, 100, 50]",0.3,4,0.005,4360,0.0323833188889,0.693200666564,0.693019236837
361,16,"[25, 25, 25, 25, 25, 1]","[2000, 1000, 1000, 500, 100, 50]",0.3,4,0.005,4361,0.0222736752778,0.69333564043,0.693091331209
362,16,"[64, 32, 16, 32, 64, 1]","[2000, 1000, 1000, 500, 100, 50]",0.3,4,0.005,4362,0.0981668897222,0.693106170212,0.693278735025
363,16,"[100, 100, 100, 100, 100, 1]","[2000, 1000, 1000, 500, 100, 50]",0.3,4,0.005,4363,0.0628014608333,0.69318234069,0.693217710086
364,16,"[32, 20, 16, 32, 10, 1]","[2000, 1000, 1000, 500, 100, 50]",0.3,4,0.005,4364,0.0261161355556,0.693027032273,0.693255496025
365,16,"[50, 50, 50, 50, 50, 1]","[2000, 1000, 1000, 500, 100, 50]",0.3,4,0.01,4365,0.0327844022222,0.693285038642,0.693396237918
366,16,"[25, 25, 25, 25, 25, 1]","[2000, 1000, 1000, 500, 100, 50]",0.3,4,0.01,4366,0.0230659658333,0.693262586423,0.693316555023
367,16,"[64, 32, 16, 32, 64, 1]","[2000, 1000, 1000, 500, 100, 50]",0.3,4,0.01,4367,0.102379085556,0.692972976821,0.693444439343
368,16,"[100, 100, 100, 100, 100, 1]","[2000, 1000, 1000, 500, 100, 50]",0.3,4,0.01,4368,0.0635335858333,0.693076772349,0.693307127271
369,16,"[32, 20, 16, 32, 10, 1]","[2000, 1000, 1000, 500, 100, 50]",0.3,4,0.01,4369,0.0267314775,0.693421681438,0.693275216648
370,16,"[50, 50, 50, 50, 50, 1]","[2000, 1000, 1000, 500, 100, 50]",0.3,4,0.02,4370,0.0318878058333,0.693320302452,0.692801160472
371,16,"[25, 25, 25, 25, 25, 1]","[2000, 1000, 1000, 500, 100, 50]",0.3,4,0.02,4371,0.0220284433333,0.69359113574,0.693756464549
372,16,"[64, 32, 16, 32, 64, 1]","[2000, 1000, 1000, 500, 100, 50]",0.3,4,0.02,4372,0.0968447263889,0.693778794152,0.693153551647
373,16,"[100, 100, 100, 100, 100, 1]","[2000, 1000, 1000, 500, 100, 50]",0.3,4,0.02,4373,0.347405110278,0.693764020715,0.693761885166
374,16,"[32, 20, 16, 32, 10, 1]","[2000, 1000, 1000, 500, 100, 50]",0.3,4,0.02,4374,0.0269218377778,0.693782291242,0.693285679817
375,16,"[50, 50, 50, 50, 50, 1]","[2000, 1000, 1000, 500, 100, 50]",0.3,4,0.05,4375,0.0333881572222,0.693860541071,0.695436028072
376,16,"[25, 25, 25, 25, 25, 1]","[2000, 1000, 1000, 500, 100, 50]",0.3,4,0.05,4376,0.0226641841667,0.69432860102,0.693278026581
377,16,"[64, 32, 16, 32, 64, 1]","[2000, 1000, 1000, 500, 100, 50]",0.3,4,0.05,4377,0.100725479167,0.694095728227,0.69410403456
378,16,"[100, 100, 100, 100, 100, 1]","[2000, 1000, 1000, 500, 100, 50]",0.3,4,0.05,4378,0.0652727008333,0.693657267945,0.695409805434
379,16,"[32, 20, 16, 32, 10, 1]","[2000, 1000, 1000, 500, 100, 50]",0.3,4,0.05,4379,0.0269756122222,0.693599988733,0.692925822735
380,16,"[50, 50, 50, 50, 50, 1]","[2000, 1000, 1000, 500, 100, 50]",0.4,4,0.005,4380,0.0323803661111,0.693176261868,0.693460922582
381,16,"[25, 25, 25, 25, 25, 1]","[2000, 1000, 1000, 500, 100, 50]",0.4,4,0.005,4381,0.0226739316667,0.693761895384,0.693219024794
382,16,"[64, 32, 16, 32, 64, 1]","[2000, 1000, 1000, 500, 100, 50]",0.4,4,0.005,4382,0.0986029775,0.693327833073,0.69333816937
383,16,"[100, 100, 100, 100, 100, 1]","[2000, 1000, 1000, 500, 100, 50]",0.4,4,0.005,4383,0.0642470475,0.693121922016,0.693411946297
384,16,"[32, 20, 16, 32, 10, 1]","[2000, 1000, 1000, 500, 100, 50]",0.4,4,0.005,4384,0.0269900144444,0.692958187205,0.693496731349
385,16,"[50, 50, 50, 50, 50, 1]","[2000, 1000, 1000, 500, 100, 50]",0.4,4,0.01,4385,0.0327250683333,0.693223878316,0.693271286147
386,16,"[25, 25, 25, 25, 25, 1]","[2000, 1000, 1000, 500, 100, 50]",0.4,4,0.01,4386,0.0229913794444,0.694010142769,0.692948988506
387,16,"[64, 32, 16, 32, 64, 1]","[2000, 1000, 1000, 500, 100, 50]",0.4,4,0.01,4387,0.0994179613889,0.693561757462,0.693388802665
388,16,"[100, 100, 100, 100, 100, 1]","[2000, 1000, 1000, 500, 100, 50]",0.4,4,0.01,4388,0.0658118533333,0.693762268339,0.693314678328
389,16,"[32, 20, 16, 32, 10, 1]","[2000, 1000, 1000, 500, 100, 50]",0.4,4,0.01,4389,0.0266158269444,0.693239182234,0.693607541493
390,16,"[50, 50, 50, 50, 50, 1]","[2000, 1000, 1000, 500, 100, 50]",0.4,4,0.02,4390,0.0324556861111,0.693555706739,0.693058058194
391,16,"[25, 25, 25, 25, 25, 1]","[2000, 1000, 1000, 500, 100, 50]",0.4,4,0.02,4391,0.0230072622222,0.69331664443,0.69293759891
392,16,"[64, 32, 16, 32, 64, 1]","[2000, 1000, 1000, 500, 100, 50]",0.4,4,0.02,4392,0.103744235833,0.693112094062,0.693178064483
393,16,"[100, 100, 100, 100, 100, 1]","[2000, 1000, 1000, 500, 100, 50]",0.4,4,0.02,4393,0.0641310169444,0.692888788666,0.693152298246
394,16,"[32, 20, 16, 32, 10, 1]","[2000, 1000, 1000, 500, 100, 50]",0.4,4,0.02,4394,0.0263777786111,0.693288357769,0.694096749169
395,16,"[50, 50, 50, 50, 50, 1]","[2000, 1000, 1000, 500, 100, 50]",0.4,4,0.05,4395,0.0336542077778,0.694883808919,0.696412164824
396,16,"[25, 25, 25, 25, 25, 1]","[2000, 1000, 1000, 500, 100, 50]",0.4,4,0.05,4396,0.0226297927778,0.694089967864,0.692994504316
397,16,"[64, 32, 16, 32, 64, 1]","[2000, 1000, 1000, 500, 100, 50]",0.4,4,0.05,4397,0.100960047778,0.693900588581,0.692733972413
398,16,"[100, 100, 100, 100, 100, 1]","[2000, 1000, 1000, 500, 100, 50]",0.4,4,0.05,4398,0.0708382530556,0.695911125626,0.693687500272
399,16,"[32, 20, 16, 32, 10, 1]","[2000, 1000, 1000, 500, 100, 50]",0.4,4,0.05,4399,0.0271489347222,0.694575124128,0.692799486433
400,16,"[50, 50, 50, 50, 50, 1]","[2000, 1000, 1000, 1000, 500, 100, 50]",0.0,4,0.005,4400,0.0332219930556,0.691956553289,0.691881656647
401,16,"[25, 25, 25, 25, 25, 1]","[2000, 1000, 1000, 1000, 500, 100, 50]",0.0,4,0.005,4401,0.0238270163889,0.69191394278,0.691524612904
402,16,"[64, 32, 16, 32, 64, 1]","[2000, 1000, 1000, 1000, 500, 100, 50]",0.0,4,0.005,4402,0.100519438889,0.69195596746,0.692211566653
403,16,"[100, 100, 100, 100, 100, 1]","[2000, 1000, 1000, 1000, 500, 100, 50]",0.0,4,0.005,4403,0.0671332936111,0.69226653661,0.692016591345
404,16,"[32, 20, 16, 32, 10, 1]","[2000, 1000, 1000, 1000, 500, 100, 50]",0.0,4,0.005,4404,0.0273408719444,0.691989987237,0.691647766318
405,16,"[50, 50, 50, 50, 50, 1]","[2000, 1000, 1000, 1000, 500, 100, 50]",0.0,4,0.01,4405,0.0337195094444,0.691684025526,0.69390515089
406,16,"[25, 25, 25, 25, 25, 1]","[2000, 1000, 1000, 1000, 500, 100, 50]",0.0,4,0.01,4406,0.0235351447222,0.691877604382,0.691092232295
407,16,"[64, 32, 16, 32, 64, 1]","[2000, 1000, 1000, 1000, 500, 100, 50]",0.0,4,0.01,4407,0.102003998889,0.690376796041,0.690351884706
408,16,"[100, 100, 100, 100, 100, 1]","[2000, 1000, 1000, 1000, 500, 100, 50]",0.0,4,0.01,4408,0.0659715683333,0.692657680171,0.691319426468
409,16,"[32, 20, 16, 32, 10, 1]","[2000, 1000, 1000, 1000, 500, 100, 50]",0.0,4,0.01,4409,0.0273888755556,0.69096145715,0.690796330997
410,16,"[50, 50, 50, 50, 50, 1]","[2000, 1000, 1000, 1000, 500, 100, 50]",0.0,4,0.02,4410,0.0334119655556,0.692414546864,0.691297742299
411,16,"[25, 25, 25, 25, 25, 1]","[2000, 1000, 1000, 1000, 500, 100, 50]",0.0,4,0.02,4411,0.0244075661111,0.687288371154,0.68945573398
412,16,"[64, 32, 16, 32, 64, 1]","[2000, 1000, 1000, 1000, 500, 100, 50]",0.0,4,0.02,4412,0.100259137222,0.692324259451,0.690351062162
413,16,"[100, 100, 100, 100, 100, 1]","[2000, 1000, 1000, 1000, 500, 100, 50]",0.0,4,0.02,4413,0.0649291008333,0.692046396221,0.692872442518
414,16,"[32, 20, 16, 32, 10, 1]","[2000, 1000, 1000, 1000, 500, 100, 50]",0.0,4,0.02,4414,0.0253924622222,0.691343806471,0.690616003105
415,16,"[50, 50, 50, 50, 50, 1]","[2000, 1000, 1000, 1000, 500, 100, 50]",0.0,4,0.05,4415,0.0328245786111,0.692202405419,0.689990999017
416,16,"[25, 25, 25, 25, 25, 1]","[2000, 1000, 1000, 1000, 500, 100, 50]",0.0,4,0.05,4416,0.0220617216667,0.693082277264,0.692960512638
417,16,"[64, 32, 16, 32, 64, 1]","[2000, 1000, 1000, 1000, 500, 100, 50]",0.0,4,0.05,4417,0.0973882722222,0.689390408141,0.679951524734
418,16,"[100, 100, 100, 100, 100, 1]","[2000, 1000, 1000, 1000, 500, 100, 50]",0.0,4,0.05,4418,0.0649039194444,0.693922976937,0.692690241337
419,16,"[32, 20, 16, 32, 10, 1]","[2000, 1000, 1000, 1000, 500, 100, 50]",0.0,4,0.05,4419,0.0273598852778,0.693760820798,0.692460605076
420,16,"[50, 50, 50, 50, 50, 1]","[2000, 1000, 1000, 1000, 500, 100, 50]",0.1,4,0.005,4420,0.0310985766667,0.693046741826,0.69273448331
421,16,"[25, 25, 25, 25, 25, 1]","[2000, 1000, 1000, 1000, 500, 100, 50]",0.1,4,0.005,4421,0.0215574847222,0.693015127523,0.693042761939
422,16,"[64, 32, 16, 32, 64, 1]","[2000, 1000, 1000, 1000, 500, 100, 50]",0.1,4,0.005,4422,0.0959746319444,0.693060882602,0.692645319871
423,16,"[100, 100, 100, 100, 100, 1]","[2000, 1000, 1000, 1000, 500, 100, 50]",0.1,4,0.005,4423,0.0658391358333,0.692811304331,0.691933287893
424,16,"[32, 20, 16, 32, 10, 1]","[2000, 1000, 1000, 1000, 500, 100, 50]",0.1,4,0.005,4424,0.0256811758333,0.692910601412,0.692721959523
425,16,"[50, 50, 50, 50, 50, 1]","[2000, 1000, 1000, 1000, 500, 100, 50]",0.1,4,0.01,4425,0.0315983883333,0.693209415674,0.69307509831
426,16,"[25, 25, 25, 25, 25, 1]","[2000, 1000, 1000, 1000, 500, 100, 50]",0.1,4,0.01,4426,0.0221554180556,0.692686551809,0.692422032356
427,16,"[64, 32, 16, 32, 64, 1]","[2000, 1000, 1000, 1000, 500, 100, 50]",0.1,4,0.01,4427,0.0957939786111,0.693061404569,0.692677698817
428,16,"[100, 100, 100, 100, 100, 1]","[2000, 1000, 1000, 1000, 500, 100, 50]",0.1,4,0.01,4428,0.0637497163889,0.692899546453,0.691957504409
429,16,"[32, 20, 16, 32, 10, 1]","[2000, 1000, 1000, 1000, 500, 100, 50]",0.1,4,0.01,4429,0.0261081102778,0.692825011696,0.693076338087
430,16,"[50, 50, 50, 50, 50, 1]","[2000, 1000, 1000, 1000, 500, 100, 50]",0.1,4,0.02,4430,0.0326457566667,0.693216987167,0.693010379587
431,16,"[25, 25, 25, 25, 25, 1]","[2000, 1000, 1000, 1000, 500, 100, 50]",0.1,4,0.02,4431,0.0225430075,0.692857211828,0.691829981123
432,16,"[64, 32, 16, 32, 64, 1]","[2000, 1000, 1000, 1000, 500, 100, 50]",0.1,4,0.02,4432,0.0971382608333,0.69309139422,0.693219024794
433,16,"[100, 100, 100, 100, 100, 1]","[2000, 1000, 1000, 1000, 500, 100, 50]",0.1,4,0.02,4433,0.0635269041667,0.693383419514,0.692593288422
434,16,"[32, 20, 16, 32, 10, 1]","[2000, 1000, 1000, 1000, 500, 100, 50]",0.1,4,0.02,4434,0.0261341072222,0.693195186343,0.692013100215
435,16,"[50, 50, 50, 50, 50, 1]","[2000, 1000, 1000, 1000, 500, 100, 50]",0.1,4,0.05,4435,0.0321038575,0.693609410524,0.694154139927
436,16,"[25, 25, 25, 25, 25, 1]","[2000, 1000, 1000, 1000, 500, 100, 50]",0.1,4,0.05,4436,0.0222846633333,0.693483326265,0.692468755586
437,16,"[64, 32, 16, 32, 64, 1]","[2000, 1000, 1000, 1000, 500, 100, 50]",0.1,4,0.05,4437,0.0976301836111,0.69364737698,0.693800500461
438,16,"[100, 100, 100, 100, 100, 1]","[2000, 1000, 1000, 1000, 500, 100, 50]",0.1,4,0.05,4438,0.0628638644444,0.694235881737,0.693348203387
439,16,"[32, 20, 16, 32, 10, 1]","[2000, 1000, 1000, 1000, 500, 100, 50]",0.1,4,0.05,4439,0.0255433447222,0.693767990385,0.692999260766
440,16,"[50, 50, 50, 50, 50, 1]","[2000, 1000, 1000, 1000, 500, 100, 50]",0.2,4,0.005,4440,0.0317671080556,0.693202779974,0.693159559795
441,16,"[25, 25, 25, 25, 25, 1]","[2000, 1000, 1000, 1000, 500, 100, 50]",0.2,4,0.005,4441,0.0241227969444,0.69296334471,0.693054967267
442,16,"[64, 32, 16, 32, 64, 1]","[2000, 1000, 1000, 1000, 500, 100, 50]",0.2,4,0.005,4442,0.103190758056,0.693206185102,0.693141419547
443,16,"[100, 100, 100, 100, 100, 1]","[2000, 1000, 1000, 1000, 500, 100, 50]",0.2,4,0.005,4443,0.0637693638889,0.693179033484,0.693183669022
444,16,"[32, 20, 16, 32, 10, 1]","[2000, 1000, 1000, 1000, 500, 100, 50]",0.2,4,0.005,4444,0.0258677211111,0.693093557017,0.693267496995
445,16,"[50, 50, 50, 50, 50, 1]","[2000, 1000, 1000, 1000, 500, 100, 50]",0.2,4,0.01,4445,0.0320444216667,0.693305667809,0.693308285304
446,16,"[25, 25, 25, 25, 25, 1]","[2000, 1000, 1000, 1000, 500, 100, 50]",0.2,4,0.01,4446,0.0223460702778,0.693385765382,0.69304184573
447,16,"[64, 32, 16, 32, 64, 1]","[2000, 1000, 1000, 1000, 500, 100, 50]",0.2,4,0.01,4447,0.0957236908333,0.693249070644,0.693211291518
448,16,"[100, 100, 100, 100, 100, 1]","[2000, 1000, 1000, 1000, 500, 100, 50]",0.2,4,0.01,4448,0.0648335197222,0.693366955859,0.693113265719
449,16,"[32, 20, 16, 32, 10, 1]","[2000, 1000, 1000, 1000, 500, 100, 50]",0.2,4,0.01,4449,0.0280497822222,0.693235926117,0.693048596382
450,16,"[50, 50, 50, 50, 50, 1]","[2000, 1000, 1000, 1000, 500, 100, 50]",0.2,4,0.02,4450,0.0328409288889,0.693371067728,0.693194665228
451,16,"[25, 25, 25, 25, 25, 1]","[2000, 1000, 1000, 1000, 500, 100, 50]",0.2,4,0.02,4451,0.0228982930556,0.693666689737,0.693460059166
452,16,"[64, 32, 16, 32, 64, 1]","[2000, 1000, 1000, 1000, 500, 100, 50]",0.2,4,0.02,4452,0.0957003197222,0.693507814407,0.693841181483
453,16,"[100, 100, 100, 100, 100, 1]","[2000, 1000, 1000, 1000, 500, 100, 50]",0.2,4,0.02,4453,0.0644876783333,0.693453386,0.69320252112
454,16,"[32, 20, 16, 32, 10, 1]","[2000, 1000, 1000, 1000, 500, 100, 50]",0.2,4,0.02,4454,0.0262702613889,0.693216502666,0.69278509106
455,16,"[50, 50, 50, 50, 50, 1]","[2000, 1000, 1000, 1000, 500, 100, 50]",0.2,4,0.05,4455,0.0393128327778,0.694124507904,0.692985810552
456,16,"[25, 25, 25, 25, 25, 1]","[2000, 1000, 1000, 1000, 500, 100, 50]",0.2,4,0.05,4456,0.0219072247222,0.694035255909,0.694003834043
457,16,"[64, 32, 16, 32, 64, 1]","[2000, 1000, 1000, 1000, 500, 100, 50]",0.2,4,0.05,4457,0.412868499722,0.693785056046,0.693153572083
458,16,"[100, 100, 100, 100, 100, 1]","[2000, 1000, 1000, 1000, 500, 100, 50]",0.2,4,0.05,4458,0.0660344836111,0.693681615591,0.695628905296
459,16,"[32, 20, 16, 32, 10, 1]","[2000, 1000, 1000, 1000, 500, 100, 50]",0.2,4,0.05,4459,0.0268886505556,0.69389623659,0.693654916968
460,16,"[50, 50, 50, 50, 50, 1]","[2000, 1000, 1000, 1000, 500, 100, 50]",0.3,4,0.005,4460,0.0323915480556,0.693245619535,0.693299017634
461,16,"[25, 25, 25, 25, 25, 1]","[2000, 1000, 1000, 1000, 500, 100, 50]",0.3,4,0.005,4461,0.0233912655556,0.69334278277,0.693502225195
462,16,"[64, 32, 16, 32, 64, 1]","[2000, 1000, 1000, 1000, 500, 100, 50]",0.3,4,0.005,4462,0.1005619075,0.693221730845,0.693412334578
463,16,"[100, 100, 100, 100, 100, 1]","[2000, 1000, 1000, 1000, 500, 100, 50]",0.3,4,0.005,4463,0.0661136722222,0.693085497618,0.693140343257
464,16,"[32, 20, 16, 32, 10, 1]","[2000, 1000, 1000, 1000, 500, 100, 50]",0.3,4,0.005,4464,0.0261342638889,0.693332322155,0.693601632118
465,16,"[50, 50, 50, 50, 50, 1]","[2000, 1000, 1000, 1000, 500, 100, 50]",0.3,4,0.01,4465,0.0328380208333,0.693219549315,0.693236746107
466,16,"[25, 25, 25, 25, 25, 1]","[2000, 1000, 1000, 1000, 500, 100, 50]",0.3,4,0.01,4466,0.0228630175,0.693132007974,0.693271408762
467,16,"[64, 32, 16, 32, 64, 1]","[2000, 1000, 1000, 1000, 500, 100, 50]",0.3,4,0.01,4467,0.109864906389,0.693418552194,0.693232859884
468,16,"[100, 100, 100, 100, 100, 1]","[2000, 1000, 1000, 1000, 500, 100, 50]",0.3,4,0.01,4468,0.0650964230556,0.693304926157,0.693286459787
469,16,"[32, 20, 16, 32, 10, 1]","[2000, 1000, 1000, 1000, 500, 100, 50]",0.3,4,0.01,4469,0.0277255752778,0.693212305648,0.69323449816
470,16,"[50, 50, 50, 50, 50, 1]","[2000, 1000, 1000, 1000, 500, 100, 50]",0.3,4,0.02,4470,0.0339033519444,0.694043205466,0.692899964537
471,16,"[25, 25, 25, 25, 25, 1]","[2000, 1000, 1000, 1000, 500, 100, 50]",0.3,4,0.02,4471,0.0228217336111,0.693358400038,0.693718756948
472,16,"[64, 32, 16, 32, 64, 1]","[2000, 1000, 1000, 1000, 500, 100, 50]",0.3,4,0.02,4472,0.0984518883333,0.693692816155,0.693610577924
473,16,"[100, 100, 100, 100, 100, 1]","[2000, 1000, 1000, 1000, 500, 100, 50]",0.3,4,0.02,4473,0.0676218505556,0.693771709715,0.693431515353
474,16,"[32, 20, 16, 32, 10, 1]","[2000, 1000, 1000, 1000, 500, 100, 50]",0.3,4,0.02,4474,0.0268562694444,0.693397154127,0.693482547147
475,16,"[50, 50, 50, 50, 50, 1]","[2000, 1000, 1000, 1000, 500, 100, 50]",0.3,4,0.05,4475,0.0326043475,0.694384856735,0.692723573957
476,16,"[25, 25, 25, 25, 25, 1]","[2000, 1000, 1000, 1000, 500, 100, 50]",0.3,4,0.05,4476,0.0229321063889,0.693933656386,0.693582558632
477,16,"[64, 32, 16, 32, 64, 1]","[2000, 1000, 1000, 1000, 500, 100, 50]",0.3,4,0.05,4477,0.100114254722,0.693916307177,0.692904589857
478,16,"[100, 100, 100, 100, 100, 1]","[2000, 1000, 1000, 1000, 500, 100, 50]",0.3,4,0.05,4478,0.0642336008333,0.693442203317,0.692704791682
479,16,"[32, 20, 16, 32, 10, 1]","[2000, 1000, 1000, 1000, 500, 100, 50]",0.3,4,0.05,4479,0.0269986486111,0.6943395257,0.692821872234
480,16,"[50, 50, 50, 50, 50, 1]","[2000, 1000, 1000, 1000, 500, 100, 50]",0.4,4,0.005,4480,0.0327864038889,0.693342876434,0.693245778765
481,16,"[25, 25, 25, 25, 25, 1]","[2000, 1000, 1000, 1000, 500, 100, 50]",0.4,4,0.005,4481,0.02317303,0.693087286609,0.693375318391
482,16,"[64, 32, 16, 32, 64, 1]","[2000, 1000, 1000, 1000, 500, 100, 50]",0.4,4,0.005,4482,0.101957028889,0.693168804475,0.693204728195
